user_name,user_location,user_description,user_created,user_followers,user_friends,user_favourites,user_verified,date,text,hashtags,source,is_retweet
·èâ·é•‚òª’¨ÍÇÖœÆ,astroworld,wednesday addams as a disney princess keepin it [Ã≤ÃÖ$Ã≤ÃÖ(Ã≤ÃÖŒπŒøŒøÃ≤ÃÖ)Ã≤ÃÖ$Ã≤ÃÖ] üë∏üèªüíö‚ôäÔ∏èüßÄüåµüåÉüåô,26/05/17 5:46,624,950,18775,FALSE,25/07/20 12:27,"If I smelled the scent of hand sanitizers today on someone in the past, I would think they were so intoxicated that‚Ä¶ https://t.co/QZvYbrOgb0",,Twitter for iPhone,FALSE
Tom Basile üá∫üá∏,"New York, NY","Husband, Father, Columnist & Commentator. Author of Tough Sell: Fighting the Media War in Iraq. Bush Admin Alum. Newsmax Contributor. Fmr Exec Dir NYSGOP",16/04/09 20:06,2253,1677,24,TRUE,25/07/20 12:27,Hey @Yankees @YankeesPR and @MLB - wouldn't it have made more sense to have the players pay their respects to the A‚Ä¶ https://t.co/1QvW0zgyPu,,Twitter for Android,FALSE
Time4fisticuffs,"Pewee Valley, KY",#Christian #Catholic #Conservative #Reagan #Republican #Capitalist; Sports lover - #BBN #Cincinnati #Reds #Bengals #Trump2020,28/02/09 18:57,9275,9525,7254,FALSE,25/07/20 12:27,@diane3443 @wdunlap @realDonaldTrump Trump never once claimed #COVID19 was a hoax. We all claim that this effort to‚Ä¶ https://t.co/Jkk8vHWHb3,['COVID19'],Twitter for Android,FALSE
ethel mertz,Stuck in the Middle ,#Browns #Indians #ClevelandProud #[]_[] #Cavs #Resist,07/03/19 1:45,197,987,1488,FALSE,25/07/20 12:27,@brookbanktv The one gift #COVID19 has give me is an appreciation for the simple things that were always around me‚Ä¶ https://t.co/Z0pOAlFXcW,['COVID19'],Twitter for iPhone,FALSE
DIPR-J&K,Jammu and Kashmir,"üñäÔ∏èOfficial Twitter handle of Department of Information and Public Relations, Govt of Jammu & Kashmir",12/02/17 6:45,101009,168,101,FALSE,25/07/20 12:27,"25 July : Media Bulletin on Novel #CoronaVirusUpdates #COVID19 
@kansalrohit69 @DrSyedSehrish @airnewsalerts @ANI‚Ä¶ https://t.co/MN0EEcsJHh","['CoronaVirusUpdates', 'COVID19']",Twitter for Android,FALSE
üéπ Franz Schubert,–ù–æ–≤–æ—Ä–æÃÅ—Å—Å–∏—è,"üéº  #–ù–æ–≤–æ—Ä–æÃÅ—Å—Å–∏—è #Novorossiya #–æ—Å—Ç–∞–≤–∞–π—Å—è–¥–æ–º–∞ #STAYatHOME Polymath, composer, English.",19/03/18 16:29,1180,1071,1287,FALSE,25/07/20 12:27,#coronavirus #covid19 deaths continue to rise. It's almost  as bad as it ever was.  Politicians and businesses want‚Ä¶ https://t.co/hXMHooXX2C,"['coronavirus', 'covid19']",Twitter Web App,FALSE
hr bartender,"Gainesville, FL",Workplace tips and advice served up in a friendly place. Corporate blog of @ITMGroup by @Sharlyn_Lauby. Cheers!,12/08/08 18:19,79956,54810,3801,FALSE,25/07/20 12:27,"How #COVID19 Will Change Work in General (and recruiting, specifically) via/ @ProactiveTalent #Recruiting‚Ä¶ https://t.co/bjZxzGPMbK","['COVID19', 'Recruiting']",Buffer,FALSE
Derbyshire LPC,,,03/02/12 18:08,608,355,95,FALSE,25/07/20 12:27,You now have to wear face coverings when out shopping - this includes a visit to your local Community Pharmacy‚Ä¶ https://t.co/OSu5Q4kdd7,,TweetDeck,FALSE
Prathamesh Bendre,,"A poet, reiki practitioner and a student of law.",25/04/15 8:15,25,29,18,FALSE,25/07/20 12:26,"Praying for good health and recovery of @ChouhanShivraj .
#covid19
#covidPositive","['covid19', 'covidPositive']",Twitter for Android,FALSE
Member of Christ üá®üá≥üá∫üá∏üáÆüá≥üáÆüá©üáßüá∑üá≥üá¨üáßüá©üá∑üá∫,üëáüèªlocation at link belowüëáüèª,"Just as the body is one & has many members, & all the members of the body, though many, are one body, so it is with Christ. 1 Corinthians 12:12",17/08/14 4:53,55201,34239,29802,FALSE,25/07/20 12:26,"POPE AS GOD - Prophet Sadhu Sundar Selvaraj. Watch here at https://t.co/7X5RTyKVji 

#HurricaneHanna #COVID19‚Ä¶ https://t.co/06dZcGUnwL","['HurricaneHanna', 'COVID19']",Twitter for iPhone,FALSE
Voice Of CBSE Students,,,14/07/20 17:50,8,10,7,FALSE,25/07/20 12:26,"49K+ Covid19 cases still no response from 
@cbseindia29 @HRDMinistry @DrRPNishank.Please cancel the compartment exa‚Ä¶ https://t.co/kV2ZKmumu1",,Twitter Web App,FALSE
Creativegms,"Dhaka,Bangladesh","I'm Motalib Mia, Logo -Logo Designer - Branding - Brand Identity Designer. I like to use my creativity, Client Satisfaction is my focus.

motalibmas@gmail.com",12/01/20 9:03,241,1694,8443,FALSE,25/07/20 12:26,"Order here: https://t.co/4NUrGX6EmA

#logo #graphicdesigner #logodesign #logodesinger #icon  #minimalist #Abstract‚Ä¶ https://t.co/0yPMoGqi9s","['logo', 'graphicdesigner', 'logodesign', 'logodesinger', 'icon', 'minimalist', 'Abstract']",Twitter Web App,FALSE
SEXXYLYPPS,Hotel living - various cities!  Who needs a home when hotel living is so fabulous!,"My ink ""My Way...No Regrets""
Always Make Happiness Your #1 Priority",25/03/10 21:16,0,8,32,FALSE,25/07/20 12:26,üëãüèª@PattyHajdu @NavdeepSBains ‚Äî no one will be safe from #COVID19 until everyone is safe. Will you commit to ensure‚Ä¶ https://t.co/aWCJo6eKvC,['COVID19'],Twitter Web App,FALSE
Africa Youth Advisory Board on DRR,Africa,Official account of the Africa Youth Advisory Board on Disaster Risk Reduction (DRR) of @_AfricanUnion . Facilitating meaningful engagement of African Youth.,13/05/19 6:27,830,254,3692,FALSE,25/07/20 12:26,"Let's all protect ourselves from #COVID19.
It's real and the numbers are climbing up fast in the Continent.
Let's n‚Ä¶ https://t.co/byMSfxltrw",['COVID19'],Twitter Web App,FALSE
DailyaddaaNews,New Delhi,Breaking news alerts from India.,22/10/16 9:18,546,29,88,FALSE,25/07/20 12:26,Rajasthan Government today started a Plasma Bank at Sawai Man Singh Hospital in Jaipur for treatment of COVID-19 pa‚Ä¶ https://t.co/cwfCcWyaDA,,Twitter Web App,FALSE
Dimapur 24/7.,"Nagaland, India","strive to promote Truth with Integrity.
https://t.co/pOqdhk6Mhg",11/11/19 12:02,274,32,378,FALSE,25/07/20 12:26,"Nagaland police on Covid-19 Awareness at City Tower Junction Dimapur.

#Covid19 #keepsocialdistance‚Ä¶ https://t.co/WOvFMqhuEO","['Covid19', 'keepsocialdistance']",Twitter for Android,FALSE
ChennaiCityNow,,Individual tweeting about significant happenings in Chennai.,26/04/09 9:38,3987,53,749,FALSE,25/07/20 12:26,"July 25 #COVID19 update
#TamilNadu - 6988
Discharge- 7758
People tested - 61729
Actice cases - 52273
#chennai - 1329","['COVID19', 'TamilNadu', 'chennai']",Twitter for iPhone,FALSE
marc goovaertsüá™üá∫üè≥Ô∏è‚Äçüåà,Brussels,"Progressive mind. Flemish. Into movies, politics, travelling, swimming, gym, massage and Indonesia",13/06/09 13:48,283,1432,1546,FALSE,25/07/20 12:26,Second wave of #COVID19 in Flanders..back to more #homework again... https://t.co/9swImZACMN,"['COVID19', 'homework']",Twitter for Android,FALSE
Dorian Aur,,,30/01/11 18:40,46,108,453,FALSE,25/07/20 12:26,"It is during our darkest moments that we must focus to see the #light.~Aristotle 
https://t.co/YLlS4Kj85c‚Ä¶ https://t.co/tFJB7l1Kaw",['light'],Twitter Web App,FALSE
Coronavirus Law,"Florida, USA",COVID-19 Practice of Lechner Law,03/12/19 19:00,14,24,74,FALSE,25/07/20 12:26,COVID Update: The infection rate in Florida is following the natural curve that experts predicted if the initial cu‚Ä¶ https://t.co/hmEwE747WK,,Twitter for iPad,FALSE
The Voice of GenX,,,28/05/11 15:28,292,1037,58,FALSE,25/07/20 12:26,"@EvanAKilgore @realDonaldTrump Good Patriots!
Call to Volunteer to be an Election Judge. 
Polls cannot open without‚Ä¶ https://t.co/qA3mA4zedZ",,Twitter for iPhone,FALSE
APO Group English,#AFRICA #MENA,"Latest #Africa & #MENA related #News releases issued by companies, govs, intl orgs, NGOs & #UN #PR FR:@APO_source_fr PT:@APO_source_pt AR:@APO_source_ar",22/02/11 9:09,10661,6,2037,TRUE,25/07/20 12:26,Coronavirus - South Africa: COVID-19 update for South Africa (24 July 2020) @nicd_sa @MoetiTshidi @WHOAFRO‚Ä¶ https://t.co/WQzAdkpXC5,,Africa Newsroom,FALSE
Micah Pollak,Northwest Indiana,Associate Professor of Economics (PhD in Economics) and Director of the Center for Economic Education & Research (CEER) at Indiana University Northwest.,22/07/11 13:41,751,183,1308,FALSE,25/07/20 12:26,"@JimBnntt Your image doesn't list a source, but I'd be careful with overall ""risk of dying"" statistics related to‚Ä¶ https://t.co/GRjVq8vYMy",,Twitter Web App,FALSE
CAWST,100+ countries,"Providing training, education and technical consulting services in water and sanitation",06/08/09 2:43,3038,2713,7445,FALSE,25/07/20 12:26,"The first comprehensive review of #WASH &amp; #COVID19.

Analysis: key ways in which WASH can help reduce transmission‚Ä¶ https://t.co/eCsfDmo9b4","['WASH', 'COVID19']",Twitter for iPhone,FALSE
Florian Bieber,Graz,"Niko i ni≈°ta, professor, so-called Balkan expert, coordinator @biepag director @cseesgraz, Jean Monnet Chair, tweets English, manchmal Deutsch & ponekad na≈°ki.",18/06/09 9:46,18145,1389,13578,FALSE,25/07/20 12:26,Holy water in times of #COVID19 https://t.co/YaZ49yxL27,['COVID19'],Twitter for Android,FALSE
Blood Donors India,"Mumbai, India","Focused on matching blood donors with those in need. No followers here, only contributors. Spread the word, help save lives. We save 8/day.",23/12/08 7:55,1215920,2047,19359,TRUE,25/07/20 12:26,"#Kolar
Need #Blood Type :  B-positive
At : Jalappa Hospital
Blood Component : Need Plasma from B+ve #COVID19 recove‚Ä¶ https://t.co/XtgxULc02Z","['Kolar', 'Blood', 'COVID19']",Blood Donors India,FALSE
Tetra Tech International Development,Working in 175+ countries,A leader in #GlobalDev. We work to improve livelihoods worldwide thru locally driven #sustainable #solutions. Posts by @TetraTech‚Äôs Int‚Äôl Dev team,06/08/10 19:09,20699,458,2680,FALSE,25/07/20 12:26,"Our Munitions Response Team in #BosniaandHerzegovina modified ops and adopted masks, disinfectants, and sanitizers‚Ä¶ https://t.co/lMbKXlw1wQ",['BosniaandHerzegovina'],Twitter Web App,FALSE
beatnikgeek the soothsayer,"Manhattan, NY","These days, I expose colonizers & exploits @ the subatomic level e.g., Unlimited profits is the only acceptable profit margin.",23/02/08 19:02,86,259,9412,FALSE,25/07/20 12:26,I can imagine the same people profiting off the human suffering of #COVID19 will be studying these maps to make 207‚Ä¶ https://t.co/NElsmGju2H,['COVID19'],Twitter for Android,FALSE
Mugilan Chandrakumar,no e-pass to cross borders...,"Journalist/Stay Grounded/ RT's are not Endorsements/ Views are Personal/Coimbatore‚ù§/Chennai.


*Then they came for me-and there was no one left to speak for me*",12/06/11 18:18,8205,1083,32076,FALSE,25/07/20 12:26,"#TNCoronaUpdate

#TN crosses 2 lakh mark and 1,50,055 ppp has recovered so far.

#COVID19 positive today 6988/total‚Ä¶ https://t.co/QdJkpcc7qv","['TNCoronaUpdate', 'TN', 'COVID19']",Twitter for Android,FALSE
üèéüöíüö®‚òéÔ∏è‚öñÔ∏è‚òéÔ∏èüì©üì•üìß TAX Reform, I ‚ô•Ô∏è I ‚ô•Ô∏è I ‚ô•Ô∏è I,https://t.co/VDCHungubm | @1984Vivika | https://t.co/yQ2QcbFM0g,06/12/19 14:42,28,1449,1196,FALSE,25/07/20 12:26,"@ratasjuri TAX Reform

Tax-free minimum:
For a company of five hundred thousand euros per year.

Tax-free minimum:‚Ä¶ https://t.co/gD0Q6ujjbl",,Twitter for iPad,FALSE
Ms Paz,United States,,15/09/19 18:10,127,974,30217,FALSE,25/07/20 12:26,#FEMA acknowledges #PuertoRico lacks rebuilt homes and a hospital to survive #COVID19  https://t.co/PLXqKc5K5d,"['FEMA', 'PuertoRico', 'COVID19']",Twitter for iPhone,FALSE
V2Cinemas,"Chennai, India",V2Cinemas is one of the leading entertainment portal. The reliable destination for Tamil & Telugu movies. HelloV2cinemas@gmail.com https://t.co/8Kakji1WCV,14/09/14 3:37,55589,548,10526,FALSE,25/07/20 12:26,"Actor @VishalKOfficial and his father Mr.G.K.Reddy tested positive for #Covid19 15/20 days back..

While #Vishal 's‚Ä¶ https://t.co/V5Lo8NRLWY","['Covid19', 'Vishal']",Twitter for Android,FALSE
Beautify Data,"Miami, FL",We beautify data to learn and gain insight from data quicker.,18/02/19 17:11,82,92,1152,FALSE,25/07/20 12:26,"An update on the total #covid19 cases, recoveries, and deaths reported in countries in #Africa.  See the total numb‚Ä¶ https://t.co/eqCJ3EhwRi","['covid19', 'Africa']",Twitter Web App,FALSE
Alan Taylor,"British Columbia, Canada",Lifetime learner and traveler. The only asset in life is time.,11/03/12 21:21,54,422,1392,FALSE,25/07/20 12:26,@unionwill @megawedgy @jjhorgan ‚ÄúRegarding the community outbreak of #COVID19 on Haida Gwaii: 13 cases (one recover‚Ä¶ https://t.co/rJzuY60qY7,['COVID19'],Twitter for iPad,FALSE
The Bishop's Table Hotel,"Farnham, Surrey","Step off the beautiful West Street, Farnham, into the peaceful tranquility of our recently refurbished family owned Grade 2 listed Hotel.

Tel: 44 (0)1252710222",01/02/10 8:54,387,195,26,FALSE,25/07/20 12:26,"A safe place to visit? Here is what our guests said, ""The hotel were meticulous in applying hand sanitation and als‚Ä¶ https://t.co/PVCji8s1Eg",,Twitter Web App,FALSE
Higher Health South Africa,South Africa,Higher Health is dedicated to promoting the health and wellbeing of nearly two million students in the post-school education system.,23/05/14 6:18,1934,247,722,FALSE,25/07/20 12:26,"Our CEO @RamneekHH live with @SASCO_Jikelele WSU talking about, ‚ÄúThe effects of Covid-19 on students‚Äù.‚Ä¶ https://t.co/VMN2LxHAds",,Twitter for iPhone,FALSE
harleyb,Deep Heart Texas,"Inquisitive; Open minded but clear-eyed; Unapologetically Democratic; 
Law-abiding, true crime junkie.üíõ",03/02/14 1:23,6156,5463,193090,FALSE,25/07/20 12:26,@NicoleKowalski5 @chrisdameanor19 I'm feeling a little anxious because #COVID19 seems to have detracted everyone's‚Ä¶ https://t.co/A3mHdXamLg,['COVID19'],Twitter for Android,FALSE
WASH FOR HEALTH,,Tweets (by WHO team) in support of #washinhcf @WHO & @UNICEF recommendations. Views expressed here do not necessarily represent @WHO @UNICEF,20/08/15 8:53,1657,823,2008,FALSE,25/07/20 12:26,Actionables for a healthy recovery from #COVID19 #climate  https://t.co/crGlKZOz5Z,"['COVID19', 'climate']",Twitter for iPhone,FALSE
Mr Gazz,"Dorset, UK","European citizen, educator. Proud Dad. Fan of Spurs & England Rugby, ex IT analyst. Tweeting equality, Tech, Pi, food, Learning, music, comedy and more.",25/08/10 13:01,1416,1637,46021,FALSE,25/07/20 12:26,"@jfoster2019 @bbclaurak Well #BorisJohnson might have understood more if he hadn't missed #5COBRA meeting #Five 
In‚Ä¶ https://t.co/mQPAgCYGn2","['BorisJohnson', '5COBRA', 'Five']",Twitter for Android,FALSE
ASHP,"Bethesda, Maryland",ASHP ‚Äî Representing #pharmacists who serve as patient care providers in acute and ambulatory settings. #MedicationExperts,15/09/09 19:52,32008,3763,7862,TRUE,25/07/20 12:26,"We released two new #COVID19 podcast episodes this week:
-Technology Platforms Used to Conduct Telehealth Visits
-C‚Ä¶ https://t.co/G94VeYVCzk",['COVID19'],Twitter Web App,FALSE
Aishling Sheridan,"Cavan, Ireland",Athletic therapist and trainer ‚úåÔ∏è Cavan ladies ‚öΩÔ∏è Collingwood AFLW #14. ambassador @lidlireland. enquiries contact jason@crosscoders.co,21/12/11 18:19,1136,484,2002,FALSE,25/07/20 12:25,"#PlayYourPart in the fight against #COVID19 . Each one of us can make a difference in containing the spread, lets‚Ä¶ https://t.co/fRzLgrS8Qf","['PlayYourPart', 'COVID19']",Twitter for iPhone,FALSE
Matthew McGee ‚¥µ üåçüá™üá∫üá¨üáßüé≠üéûüìö,A UK I no longer recognise,"I am a man, and nothing human is alien to me. Arts. Education. Politics. Environment. Anti-Brexit. Think for yourself, act for others. Ubuntu.",07/12/11 11:16,3113,3086,221545,FALSE,25/07/20 12:25,"Britain didn't understand #Covid19 for months, while plenty of other countries did understand it and took effective‚Ä¶ https://t.co/KV2CAQ6skZ",['Covid19'],Twitter for Android,FALSE
N I C TA S H ‚ôç,"Port Elizabeth, South Africa",I.G: @nictash_tash,28/04/16 9:05,481,308,1120,FALSE,25/07/20 12:25,Volume for those at the back please. üîä #COVID19 https://t.co/d0pn2Bv2Hx,['COVID19'],Twitter for Android,FALSE
TOI Delhi,"New Delhi, India",Your city. Your neighborhood. Your block. Covered for you by https://t.co/VSKi1mkZBr,13/04/09 13:00,52186,41,74,TRUE,25/07/20 12:25,"#Delhi reports 1,142 #COVID19 positive cases and 29 deaths on Saturday. Death toll rises to 3,806, reports ANI quot‚Ä¶ https://t.co/JxsVpWMRQS","['Delhi', 'COVID19']",TweetDeck,FALSE
üè≥Ô∏è‚ÄçüåàHeath Walkerüè≥Ô∏è‚Äçüåà,"Larose, LA",Single üè≥Ô∏è‚ÄçüåàGAYüè≥Ô∏è‚Äçüåà Indy Lib #HowieHawkins2020 #MedicareForAll  #RankedChoiceVoting #GreenNewDeal #OpenPrimaries #JusticeDems,27/07/12 13:54,594,1012,37279,FALSE,25/07/20 12:25,"@realDonaldTrump Venezuela's Economy/Budget are tied to Oil like Louisiana's. Funny how the right-wing ""example"" of‚Ä¶ https://t.co/qvHvKlTbbv",,Twitter for Android,FALSE
Dr. K. Surender Raj,chennai,"DMK Cuddalore Dist. Students Wing Joint Sec.
MD @ KSR REALTY, Property Developer",05/04/20 12:01,152,885,1496,FALSE,25/07/20 12:25,"#TamilNadu | #COVID19 |  25th July

‚óè  TN - 6,988 (Highest Spike)

‚óè  Total Cases  - 2,06,737

‚óè  Chennai - 1,329‚Ä¶ https://t.co/X8zgUzC0Gr","['TamilNadu', 'COVID19']",Twitter for iPhone,FALSE
Los Pepes,Nairobi,,23/04/16 7:39,610,1446,3280,FALSE,25/07/20 12:25,"Why has Ruto not eulogisied Mkapa!! 
Asking for Moses Kuria 

Raila 
#RutoSwindlingGEMA 
#COVID19","['RutoSwindlingGEMA', 'COVID19']",Twitter for Android,FALSE
Wanda Warwick,worldwide,"Travel Tweets from a Worldwide Traveller - 110 countries. Blogger & Travel writer.
https://t.co/HaJAWMUzA5",01/09/16 13:00,510,276,156,FALSE,25/07/20 12:25,"Coronavirus Testing Fiasco: St Mirren¬†have pledged to undertake an ""urgent review"" of their Covid-19 testing proced‚Ä¶ https://t.co/0MCEUERQ74",,TweetCaster for Android,FALSE
Horace Hamilton,Scotland,"The best laid schemes of Mice and Men 
often decay into ruins - So it's good to have a laugh now and then",01/08/14 11:42,798,689,183,FALSE,25/07/20 12:25,"Coronavirus Testing Fiasco: St Mirren¬†have pledged to undertake an ""urgent review"" of their Covid-19 testing proced‚Ä¶ https://t.co/AkxvIaD1Pr",,TweetCaster for Android,FALSE
HelloHealthy,,,23/11/12 5:38,951,291,155,FALSE,25/07/20 12:25,"#TamilNadu | #COVID19 |  25th July
‚óè  TN - 6,988 (Highest Spike)
‚óè  Total Cases  - 2,06,737
‚óè  Chennai - 1,329
‚óè  T‚Ä¶ https://t.co/ZWFKJwZdEo","['TamilNadu', 'COVID19']",Twitter for Android,FALSE
Gus McPop,Australia,Love Australia Fair and all things Australian,06/06/14 22:26,580,551,100,FALSE,25/07/20 12:25,"Coronavirus Testing Fiasco: St Mirren¬†have pledged to undertake an ""urgent review"" of their Covid-19 testing proced‚Ä¶ https://t.co/Ifse0whbVE",,TweetCaster for Android,FALSE
Tom J,UK,"Not a Coffee expert, Pseudo Social Media Expert, Twitter-maniac, Internet advocate, Corporate Music aficionado or Wannabe entrepreneur.",06/06/14 21:38,749,666,143,FALSE,25/07/20 12:25,"Coronavirus Testing Fiasco: St Mirren¬†have pledged to undertake an ""urgent review"" of their Covid-19 testing proced‚Ä¶ https://t.co/dx8Yt7CvsM",,TweetCaster for Android,FALSE
Sarah Smith,San Francisco,"Failed Ballet Dancer - Love anything Californian including thinness, suntan, going to the gym and the search for youthfulness. https://t.co/HaJAWMUzA5",26/05/14 19:18,1511,1507,131,FALSE,25/07/20 12:25,"Coronavirus Testing Fiasco: St Mirren¬†have pledged to undertake an ""urgent review"" of their Covid-19 testing proced‚Ä¶ https://t.co/h7p44XIzuk",,TweetCaster for Android,FALSE
APN NEWS,"A-009, SEC-68 , NOIDA","APN NEWS: ‡§ñ‡§¨‡§∞ ‡§π‡•à ‡§§‡•ã ‡§¶‡§ø‡§ñ‡•á‡§ó‡•Ä‚Ä¶ Follow us for breaking news from political, sports, business and entertainment arena. https://t.co/nUoC25Uxbe",13/05/14 9:10,20262,14,1487,FALSE,25/07/20 12:25,"Testing per 10 lakh population in Jammu and Kashmir has reached 44,744 as against 12,742 in the country; Recovery r‚Ä¶ https://t.co/jmxhF67V5V",,Twitter Web App,FALSE
Fergus McPop,USA,"Love any kind of classic pop, rock, beer or pizzas. https://t.co/HaJAWMUzA5",10/06/14 21:28,1029,980,81,FALSE,25/07/20 12:25,"Coronavirus Testing Fiasco: St Mirren¬†have pledged to undertake an ""urgent review"" of their Covid-19 testing proced‚Ä¶ https://t.co/bfel6gyXIq",,TweetCaster for Android,FALSE
Gus McPop,"Baton Rouge, USA","I love music, any kind of music, I love music, just as long as it's groovin'.
https://t.co/HaJAWMUzA5",07/06/14 8:27,1204,1191,113,FALSE,25/07/20 12:25,"Coronavirus Testing Fiasco: St Mirren¬†have pledged to undertake an ""urgent review"" of their Covid-19 testing proced‚Ä¶ https://t.co/eu5g2djZYx",,TweetCaster for Android,FALSE
Barry Grodenchik,"Queens, NY",Queens lifer representing Eastern Queens in the NYC Council. Blessed w Debra & David. Major @Mets fan. Never believe your own press. Weather too!,23/11/12 16:51,4868,445,31825,FALSE,25/07/20 12:25,.@nytimes reporting that yesterday 1145 people died of #COVID19 in the USA. Over 73K new cases were reported. Serio‚Ä¶ https://t.co/sFwP0v7FEB,['COVID19'],Twitter for Android,FALSE
CARLINO,"New Orleans, LA",IG Carlino213: Alumni LA Southwest College: Professional Barber : Artist: https://t.co/UrhpWpTUV5,19/04/15 22:07,11,3,133,FALSE,25/07/20 12:25,Crazy that the world has come to this but as Americans we will fight to get through this!üá∫üá∏üá∫üá∏üá∫üá∏üá∫üá∏üá∫üá∏ #covid19,['covid19'],Twitter for iPhone,FALSE
Person woman man camera TV Person woman man camera,,"Around '2000, at a HS reunion, I gave a talk about global warming as intergenerational theft. We're still failing to deal with it.",06/02/08 4:19,4027,542,105214,FALSE,25/07/20 12:25,@jimsciutto @JoAnnBaldwin55 People whose relatives have died from #COVID19 should file a class action lawsuit against Sinclair Broadcasting.,['COVID19'],Twitter Web App,FALSE
Coronavirus Updates - Alexander Higgins,,An independent citizen journalist that aggregates and reports on news and political issues with a focus on government corruption and environmental activism.,02/05/10 3:52,17463,6810,9897,FALSE,25/07/20 12:25,"US #CoronaVirus: 4,249,584 cases and 148,521 deaths reported in the United States to date.

1,257 new cases and 31‚Ä¶ https://t.co/j4TreMnKW5",['CoronaVirus'],Alexander Higgins,FALSE
#IndiaFightsCorona,,Official Government of India updates on #COVID19 by @MIB_India.,31/03/20 7:41,100214,70,1748,TRUE,25/07/20 12:25,"#IndiaFightsCorona :

üìç Do you agree that a mask is one of the most powerful accessories we have to fight against t‚Ä¶ https://t.co/5VauORkmjG",['IndiaFightsCorona'],Twitter Web App,FALSE
·èâ·é•‚òª’¨ÍÇÖœÆ,astroworld,wednesday addams as a disney princess keepin it [Ã≤ÃÖ$Ã≤ÃÖ(Ã≤ÃÖŒπŒøŒøÃ≤ÃÖ)Ã≤ÃÖ$Ã≤ÃÖ] üë∏üèªüíö‚ôäÔ∏èüßÄüåµüåÉüåô,26/05/17 5:46,624,950,18775,FALSE,25/07/20 12:25,I miss isopropyl alcohol so much!!!! Ethanol in hand sanitizer smells like I poured tequila on my hands ü§¢ #COVID19,['COVID19'],Twitter for iPhone,FALSE
Greater Visakhapatnam Municipal Corporation (GVMC),Visakhapatnam,Official Twitter handle of Greater Visakhapatnam Municipal Corporation. Contact us at 1800 4250 0009.  Follow us at https://t.co/wKGXaJLHrB,27/02/15 12:09,14357,28,1038,FALSE,25/07/20 12:25,GVMC sanitation staff carrying out the regular sanitation activities to keep the city clean and prevent the spread‚Ä¶ https://t.co/bkrQ5x6BCK,,Twitter Web App,FALSE
Kabir_04,,"a simple human being,trying to play my role on stage of life... ,,,,, #Digitalmarketing #seo #googleads #entrepreneurship",10/06/14 5:48,431,729,3774,FALSE,25/07/20 12:25,@SonuSood sir mom is in ICU due to COVID just want prayers from you and everyone who is listening you . #COVID19,['COVID19'],Twitter for iPhone,FALSE
Jazmine‚ùÑÔ∏è,"Marietta, GA",Living Life Too The Fullest Extent üí∞‚úàÔ∏èüòúüòà,26/04/09 4:34,18092,17557,7156,FALSE,25/07/20 12:25,Due to #COVID19 aka #Coronavirus Ill be sending the first 500 people to like &amp; retweet this $300 -$1500 through Cas‚Ä¶ https://t.co/3MkuUsGBDk,"['COVID19', 'Coronavirus']",Twitter for iPhone,FALSE
Charles Mapundu,"England, United Kingdom","1 thing have I desired of the Lord, that will I seek after; that I may dwell in the house of the Lord all the days of my life, to behold the beauty of the Lord",22/08/13 23:18,11,40,192,FALSE,25/07/20 12:25,"This video had me in stitches
https://t.co/tadF3G6qKJ #obesity #ÿ≤Ÿàÿßÿ¨_ÿ±ÿßŸÉÿßŸÜ_ÿßŸÑÿ≠ÿ±ÿ®Ÿä #carryminati #my200vsbutch200‚Ä¶ https://t.co/fsZ8NTuVDg","['obesity', 'ÿ≤Ÿàÿßÿ¨_ÿ±ÿßŸÉÿßŸÜ_ÿßŸÑÿ≠ÿ±ÿ®Ÿä', 'carryminati', 'my200vsbutch200']",Twitter for Android,FALSE
Matty A,"New York, NY USA",üá∫üá∏  Happily Married & a Proud Son of a U.S Navy WW2 Vet RIP Dad Retired NYS Police Officer ALL LIVES MATTER Back The Blue 100% President Trump Supporter MAGA,01/02/14 21:44,3924,4487,93575,FALSE,25/07/20 12:25,"See this Instagram post by @facts.covid19 https://t.co/glmd51L1OJ 
facts.covid19 Deaths rates not rising in lockste‚Ä¶ https://t.co/SeZieeSxAk",,Twitter Web App,FALSE
Stephen Williams,"Ballston Spa, NY","Longtime  reporter at @dgazette: Schenectady Co., Saratoga County,  the environment, politics. Confused about whether trying to save the world is worth it.",23/08/13 14:39,1429,926,1324,FALSE,25/07/20 12:25,"Local government sales tax revenue dropped 27 percent year-to-year in the second quarter, thanks to #COVID19 shutdo‚Ä¶ https://t.co/oDky9LzrV5",['COVID19'],Twitter Web App,FALSE
anonymous bosch,816 ways to say 'midwest',"chef + food writer. hedonist + misanthrope given to food, drink, music, film, sport + culture. writing ramblings short + long.",13/07/09 8:31,695,1836,2826,FALSE,25/07/20 12:25,Look at Lil‚Äô Donny Micro Dick go!! What an astounding achievement of brilliance + cognitive capabilities. Somebody‚Ä¶ https://t.co/82aEo6gL3q,,Twitter for iPhone,FALSE
Lindokuhle Modi,,#GomoraMzansi | #TheQueenMzansi | #SkeemSaam | #Uzalo | #etvScandal | #Muvhango | #Isibaya | #CelebrityMysteryBox,14/04/20 12:56,69,90,123,FALSE,25/07/20 12:25,"While you at it, please follow me

https://t.co/KheirQEh6Z

#Fergusons #DurbanJuly #alreadyvideo #COVID19 #WiseUp https://t.co/h1TYdOgjwv","['Fergusons', 'DurbanJuly', 'alreadyvideo', 'COVID19', 'WiseUp']",Twitter for Android,FALSE
Eric aka Chewy Red,"Pennsylvania, USA","Middle ground on this gun issue.  I carry to protect my loved ones and really trust no one to protect them, but me.",27/01/13 18:17,66,420,586,FALSE,25/07/20 12:25,"Concealed Nation 1 Million Giveaway https://t.co/HaMym0cBe3 
I put my family's safety before all others, criminals‚Ä¶ https://t.co/7QQxVLWqZd",,Twitter Web App,FALSE
BestValueButtons,"Denver, CO","We are a fabric outlet and specialty button Etsy shop featuring high quality stretch fabrics and unique, designer buttons that are handmade in Colorado, USA.",30/05/18 19:45,1267,2869,1204,FALSE,25/07/20 12:25,Check out Angel's beautiful mask and hair bow designs at https://t.co/BpmP8tRs7M #etsy #epiconetsy #masksforsale‚Ä¶ https://t.co/fgl69zjMyq,"['etsy', 'epiconetsy', 'masksforsale']",IFTTT,FALSE
Whitey,In the south.  ,"A keen linguist who loves to learn and share my love of learning. European, British, English, southerner. Liberal Democrat. Non native German speaker.",01/09/10 7:35,133,615,2106,FALSE,25/07/20 12:25,"Thread by @DrZoeHyde (based on international research and evidence) 1. Updated thread on children and #COVID19, sum‚Ä¶ https://t.co/A1xWVotp75",['COVID19'],Twitter for Android,FALSE
Thom-Ivar van Dijk,,Student Econometrics & Operations Research | Graphs in R,13/04/19 16:06,1263,61,706,FALSE,25/07/20 12:25,"1 municipality reports one new fatality due to #COVID19, compared to yesterday.

1 new fatality is located and 0 fa‚Ä¶ https://t.co/6iJ5lV7ZqR",['COVID19'],Twitter Web App,FALSE
Mumbai Painters,,,08/02/16 13:35,115,175,21,FALSE,25/07/20 12:25,"When your home walls need an upgradation, always opt for the experts. Hire #MumbaiPainters and let your walls find‚Ä¶ https://t.co/Kb5Yv2ZS9Z",['MumbaiPainters'],Hootsuite Inc.,FALSE
InvestmentGuruIndia,India,"our ambition is to create universal platform 4 investors whereby they get access to news,views & research related to global & local markets all under 1 umbrella",03/04/15 7:39,15635,35,2,FALSE,25/07/20 12:25,"Covid to shrink power sector growth, take discoms back to pre-UDAY era

https://t.co/DP5zpNLuUV

#Industry‚Ä¶ https://t.co/3ZiFoPdWU8",['Industry'],Twitter Web App,FALSE
St. Jude India ChildCare Centres,India,A home away from home for underprivileged families during their child's cancer treatment. Our hygienic & cost-free accommodation is at 38 centres in 9 cities,29/02/12 12:21,635,371,772,FALSE,25/07/20 12:25,"#SaturdayVibes: The current situation calls for more awareness and less stress. To facilitate that, families at our‚Ä¶ https://t.co/1Qwd523BZp",['SaturdayVibes'],Twitter Web App,FALSE
IMF,"Washington, DC",Breaking news and alerts from the International Monetary Fund.,18/03/09 16:13,1695520,444,182,TRUE,25/07/20 12:25,What economic measures are governments taking to respond to #COVID19? Key actions taken by 193 countries are listed‚Ä¶ https://t.co/5FXaZWFaLW,['COVID19'],Hootsuite Inc.,FALSE
Oxfam International,,Oxfam is a world-wide development organization that mobilizes the power of people against poverty. See also: https://t.co/D8VfP9Jvuw,31/12/07 18:27,843670,1172,23652,TRUE,25/07/20 12:25,"‚Äú#Covid19 is everyone‚Äôs fight. I have covered major disasters, but nothing like this before."" 

@fabeha_monir, a vi‚Ä¶ https://t.co/q3f9kP8rsq",['Covid19'],Twitter Web App,FALSE
Chris Latham. üåπüëçüç∫üé∂üèñÔ∏èüòÉ‚öΩ,"Liverpool, England","Wed 33 yrs, fab wife‚ù§Ô∏è, 2 funny daughters, father-in-law, EFC üíô,Catholic, grandad to be, Beatles, still missing me dad. Play the ball and not the man",16/11/15 20:30,273,847,6779,FALSE,25/07/20 12:24,"@Haggis_UK ‚ÄúI think the government has hugely overestimated the danger of the disease‚Äù
I wonder if he‚Äôd be brave en‚Ä¶ https://t.co/gWJc6nUKqo",,Twitter for iPhone,FALSE
John Dalton üá¨üáßüíîüá™üá∫,A country run by arseclowns,"We need to fight for liberty and for the institutions guaranteeing democracy, the rule of law, human rights and protection of minorities",31/05/12 12:03,3051,4069,30527,FALSE,25/07/20 12:24,"By the time you see a spike in #Covid19 cases, it isvery hard to reverse it without drastic lockdown. By the time y‚Ä¶ https://t.co/A3S4AK3JH4",['Covid19'],TweetDeck,FALSE
Dr John Stanton #ClimateEmergency #ScotlandXr,"Edinburgh, Scotland",Formerly of Brighton,01/05/15 18:04,126,199,8893,FALSE,25/07/20 12:24,@realDonaldTrump @WhiteHouse See what your #political games with #Covid19 have achieved? This is not only shameful‚Ä¶ https://t.co/JXvuzUqwfC,"['political', 'Covid19']",Twitter Web App,FALSE
Cholderton Farm Shop,"Cholderton, Wiltshire, SP4 0DR","Cholderton Farm Shop & Caf√©, Cholderton Estate, Cholderton, Hampshire, SP4 0DR 01980 629894 https://t.co/GEAcHP87hU",12/12/11 15:50,221,177,129,FALSE,25/07/20 12:24,Hi long time no see...... In preparation for us reopening we have been doing our homework and some...... #clean‚Ä¶ https://t.co/GjEe5w9uY2,['clean'],Twitter Web App,FALSE
Lil T - Spread One Love üá®üá¶,,"Music. OneLove. Proud Over 30 Unicorn, Girl Love Supporter. Bawse IVIVI. A happy heart is my goal. Timesup on Violence Against Woman",14/04/17 2:34,71,209,3493,FALSE,25/07/20 12:24,@theJagmeetSingh @MatthewGreenNDP you took money at the beginning of the pandemic from woman front line workers who‚Ä¶ https://t.co/NXYIA38Rj6,,Twitter Web App,FALSE
Maribeth Doran,San Francisco,"Proud to be Irish American. Passionate about Wine, Food, Music, Friends, Tech, Green Bay Packers & SF Giants. Formerly tweeted as @ClineCellars",06/04/09 16:43,1697,2210,1778,FALSE,25/07/20 12:24,"How Ireland built its COVID-19 contract tracing app, which is so successful that U, S. states want to use it‚Ä¶ https://t.co/f0DavA6psh",,Twitter for iPhone,FALSE
Sales & Business Coach: Rakesh Sharma,"New Delhi, India","Hi, this is Rakesh Sharma from Prime Performance Solutions. We are your business growth partners. Connect with us to take your business to the next level.",06/01/13 12:50,41,0,2,FALSE,25/07/20 12:24,"Rakesh Sharma best business Coach in India
Website: https://t.co/oG44LxC2Gg
#salescoach
#BusinessCoach 
#salesforce‚Ä¶ https://t.co/GkipPLJMX9","['salescoach', 'BusinessCoach', 'salesforce']",TweetDeck,FALSE
Philip Morris,,"independent, ideologically and financially, unaligned but not uncommitted; loathe religion, love God, follow Christ not a Church",27/08/14 22:17,229,354,75,FALSE,25/07/20 12:24,"Think the link between 5G and #COVID19 is the stuff of loony conspiracy-theories?
Think again: this screen-shot is‚Ä¶ https://t.co/UFXNtHGa7L",['COVID19'],Twitter Web App,FALSE
New Straits Times,Malaysia,"News, views and up-to-date reports from Malaysia's premier news source. All that and more at https://t.co/S8jbx5pMaF",09/07/09 9:04,716342,411,874,TRUE,25/07/20 12:24,"#NSTworld There will not be a #NationalDayRally (#NDR) this year, due to safe distancing requirements as a result o‚Ä¶ https://t.co/XJMZjyPCrn","['NSTworld', 'NationalDayRally', 'NDR']",TweetDeck,FALSE
Martin King,London,Human 'I aim to misbehave',16/10/07 20:14,1799,74,5674,FALSE,25/07/20 12:24,The cost of preventing further pandemics over the next decade by protecting wildlife and forests would equate to ju‚Ä¶ https://t.co/8yqpH3GrLf,,Twitter Web App,FALSE
Merci,,JW / Biochemist / art lover,22/06/19 10:43,307,485,3386,FALSE,25/07/20 12:24,"Learn new things during this period 
2d and 3d animations training ongoing...
Click the link below to join the What‚Ä¶ https://t.co/lLovm5cWPi",,Twitter for Android,FALSE
National Herald,"New Delhi, India","National Herald‚Äîfounded in 1938 by Jawaharlal Nehru‚Äîis a news website and weekly newspaper with a focus on people, governance and current affairs",27/06/14 5:46,99381,315,333,TRUE,25/07/20 12:24,"2,000 women lawyers write to #AmitShah seeking 5 Lakh Loan per financially drained lawyer.
#COVID19 #Coronavirus 
https://t.co/JEjVTeCjEn","['AmitShah', 'COVID19', 'Coronavirus']",TweetDeck,FALSE
MAX,"LONDON,UK","Presenter/Journo/DJ Love working and playing in both the film x music world, ENJOY over on https://t.co/PcnaekQ7sZ üíÅüèΩ‚Äç‚ôÄÔ∏èüíú contact : Management@FlipYourWig.net",08/03/09 8:11,73317,1704,5818,TRUE,25/07/20 12:24,I literally am using my own head to make decisions on safety from #COVID19 as government are creating the most conf‚Ä¶ https://t.co/Kji4e3yBty,['COVID19'],Twitter Web App,FALSE
Senator G Craughwell,Dublin Ireland,Independent Senator & member of the Labour Vocational Panel of Seanad √âireann. Opinions expressed here are my own and only my own. RT is not an endorsement.,25/01/13 8:13,9623,9494,27038,FALSE,25/07/20 12:24,OK I'm angry now. I cannot believe the stupidity there is out there about #COVID19. This virus kills. How many must‚Ä¶ https://t.co/kNBiYfPTXB,['COVID19'],Twitter for Android,FALSE
UmaDlamini,"Durban, South Africa","No Excuse for Gender Based Violence‚ùéüö´
Scorpio: Up and Coming Fashion Designer: A Diamondüíé in the Sky But down to Earth!",02/07/20 22:11,712,87,121,FALSE,25/07/20 12:24,"#DurbanJuly  It's that weekend Y,all... It's a pity that this year we are facing #COVID19 and we can't go in person‚Ä¶ https://t.co/k451xx2Ynv","['DurbanJuly', 'COVID19']",Twitter for Android,FALSE
ROMEO üóØÔ∏è,"Kwa-Thema, South Africa","without commitment you will never start.
without consistency you will never finish.",06/04/18 18:21,1666,2204,201,FALSE,25/07/20 12:24,Let's give it a try #alreadyvideo #COVID19 #HurricaneHanna https://t.co/2HChuAfNHy,"['alreadyvideo', 'COVID19', 'HurricaneHanna']",Twitter for Android,FALSE
Safiy,,"Detroit life. Creative Beast, Animation, Visual FX, Motion Graphics, Graphic Design. I create things  https://t.co/uegeirJv7M",18/11/19 16:27,9,33,42,FALSE,25/07/20 12:24,Shout out to Earth. Hands down the worst reaction to a ‚Äúemergency‚Äù I‚Äôve ever seen. The Lottery never shut down and‚Ä¶ https://t.co/wLGZ8wHymT,,Twitter for iPhone,FALSE
TNCoronaUpdates,"Chennai, India","Data Analyzer |  Stay Connected For All Official News Regarding TNCoronaVirus #CoronaVirus / #COVID19 #TNCoronaUpdates
#TNCorona #CoronaVirusIndia #COVID19India",09/04/18 16:00,6601,24,22269,FALSE,25/07/20 12:24,"#TamilNadu | #COVID19 |  25th July

‚óè  TN - 6,988 (Highest Spike)

‚óè  Total Cases  - 2,06,737

‚óè  Chennai - 1,329‚Ä¶ https://t.co/BFYb3AHGBi","['TamilNadu', 'COVID19']",Twitter for Android,FALSE
CraigBrigham MebaneNC #864511320 #GoodTrouble,"Mebane, NC","Fmr Army Security Agency, Meritorious Service. Democracy, worst form of Government except...Winston Churchill. My #GOPBetrayedAmerica #PsychopathsAndpSycophants",08/05/19 14:11,77,676,1542,FALSE,25/07/20 12:24,"@WLOS_13 @wcti12 @thecw22 @myrdc @ABC45TV Please tell us you not going to run that Qanon conspiracy
theory (banned‚Ä¶ https://t.co/bYOIITE5kh",,Twitter for Android,FALSE
The GAA,Ireland,Gaelic Athletic Association/Cumann L√∫thchleas Gael is a 32 county sporting and cultural organisation that has a presence on all 5 continents E: info@gaa.ie,13/11/09 13:40,398260,150,2864,TRUE,25/07/20 12:24,You can all #PlayYourPart in the fight against #Covid19.  We‚Äôre all #InThisTogether. Cavan Ladies Footballer Aishli‚Ä¶ https://t.co/JtU6MDq2tl,"['PlayYourPart', 'Covid19', 'InThisTogether']",Twitter for iPhone,FALSE